model,rmse_log,cov95
bayes_lag,0.4992962626704895,0.9233597285067874
bayes_base,0.5029591205588368,0.9259049773755657
har,0.5122147874931141,0.2856334841628959
arma11,0.5608598707614133,0.9476809954751131
ar1,0.5676999168203427,0.9457013574660633
