sector,n,rmse,cov95
Finance,1040,0.47274831322415645,0.9403846153846154
Automotive,520,0.4744157271930711,0.9346153846153846
Healthcare,1040,0.5169993768768094,0.9278846153846154
Industrial,936,0.5341413849346586,0.9027777777777778
