sector,n,rmse,cov95
Automotive,520,0.4889635055972686,0.3038461538461538
Finance,1040,0.5150638944052242,0.2846153846153846
Healthcare,1040,0.5113043872895653,0.28173076923076923
Industrial,936,0.5225704782941041,0.280982905982906
