sector,n,rmse,cov95
Automotive,520,0.5136527533551237,0.9384615384615385
Finance,1040,0.5815044210316598,0.9519230769230769
Healthcare,1040,0.5318788513889707,0.9461538461538461
Industrial,936,0.5930662526179468,0.9497863247863247
