sector,n,rmse,cov95
Finance,1040,0.46740537837521307,0.9451923076923077
Automotive,520,0.47101623116782537,0.9326923076923077
Healthcare,1040,0.5185304463461445,0.9153846153846154
Industrial,936,0.5263492929637162,0.9027777777777778
