sector,n,rmse,cov95
Automotive,520,0.5150535924804087,0.9384615384615385
Finance,1040,0.5921335524448385,0.9471153846153846
Healthcare,1040,0.5347447533194274,0.9461538461538461
Industrial,936,0.6023552552730127,0.9476495726495726
